id,sublayer,name,required,inputs,status,completed,notes
A1,1,DTMO BAH ASCII release (BAH-ASCII-2026.zip),required,,complete,,
A2,1,Census 2020 ZCTA cartographic boundaries,required,,complete,,
A3,1,Zillow ZORI (rent index) ZIP-level,required,,complete,2026-10-03,
A4,1,Zillow ZHVI (home value index) ZIP-level,required,,complete,2026-10-03,
A5,1,HUD FMR / SAFMR FY2026,required,,complete,2026-10-03,
A6,1,DoD BAH Rate Component Breakdown,required,,complete,2026-10-03,
A7,1,Mortgage rate reference (Freddie Mac PMMS),required,,complete,,
A8,1,Property tax and insurance reference,optional,,not_started,,
A9,1,Census ACS context,optional,,not_started,,
A10,1,BEA Regional Price Parities,optional,,not_started,,
A11,1,Protomaps basemap source (OSM),required,,complete,2026-10-03,
A12,1,Profile definitions config,required,,complete,2026-10-03,
A13,1,Classification and color scheme config,required,,complete,2026-10-03,
B1,2.1,zip_mha.csv - ZIP to MHA crosswalk,required,A1,complete,,
B2,2.1,zip_mha_geo.csv - MHA geo metadata,required,A1,complete,,
B3,2.1,mha_names.csv - MHA display names,required,A1,complete,,
B4,2.1,bah_rates.csv - tidy BAH rates,required,A1,complete,,
B5,2.1,rate_components.csv - rent/utilities split,required,A6,complete,2026-10-03,
B6,2.2,MHA polygons (ZCTA dissolve),required,A2 B1,complete,,
B7,2.2,MHA PMTiles,required,B6,complete,2026-10-03,
B8,2.3,ZORI at MHA (utilities-adjusted),required,A3 B1 B5,not_started,,
B9,2.3,ZHVI at MHA,required,A4 B1,not_started,,
B10,2.3,FMR at MHA,required,A5 B1,not_started,,
B11,2.4,Ownership monthly cost at MHA,required,A7 A8 B9,not_started,,
B12,2.5,Rent coverage ratio,required,A12 B4 B8 B10,not_started,,
B13,2.5,Rent surplus/gap,required,A12 B4 B8,not_started,,
B14,2.5,Buy coverage ratio,required,A12 B4 B11,not_started,,
B15,2.5,Buy surplus/gap,required,A12 B4 B11,not_started,,
B16,2.6,Spatial weights matrix,required,B6,not_started,,
B17,2.6,Global Moran's I,required,B12 B16,not_started,,
B18,2.6,LISA / Getis-Ord Gi* clusters,required,B12 B16,not_started,,
B19,2.6,Spatial regression,optional,B12 B16 B9 B24 B25,not_started,,
B20,2.7,Attribute payload JSON (data contract),required,B12 B13 B14 B15 B3 A12,not_started,,
B21,2.7,UI metadata JSON,required,A12 A13 B1 B3,not_started,,
B22,2.7,Build manifest JSON,required,,not_started,,Reads every pipeline stage
B23,2.8,QA / validation report,required,,not_started,,Samples intermediate stages
B24,2.8,ACS context join,optional,A9 B1,not_started,,
B25,2.8,BEA RPP context join,optional,A10 B1,not_started,,
B26,2.8,H3 hex overlay (future),optional,B6,not_started,,
B27,2.8,Hotspot overlay payload,optional,B18,not_started,,
W1,2.8,Layer 2 writeup (how Layer 1 becomes Layer 3),required,,not_started,,Deliverable rather than a pipeline node
C1,3.1,MHA PMTiles (served),required,B7,not_started,,
C2,3.1,Attribute payload JSON (served),required,B20,not_started,,
C3,3.1,UI metadata JSON (served),required,B21,not_started,,
C4,3.1,Basemap PMTiles (served),required,A11,not_started,,
C5,3.2,App bootstrap + MapLibre init,required,C1 C2 C3 C4,not_started,,
C6,3.2,UI state object,required,C7 C13 C15,not_started,,
C7,3.2,Control panel (dropdowns),required,,not_started,,
C8,3.2,Feature-state join,required,C14 C2,not_started,,
C9,3.2,Choropleth paint expression,required,C14 C3,not_started,,
C10,3.2,Legend,required,C14,not_started,,
C11,3.2,MHA detail popup/panel,required,C14,not_started,,
C12,3.2,A/B comparison panel,required,C14,not_started,,
C13,3.2,Rent/Buy toggle,required,,not_started,,
C14,3.2,Render function,required,C6 C2 C3,not_started,,
C15,3.2,ZIP search to highlight MHA,optional,C3,not_started,,
C16,3.2,Hotspot overlay toggle,optional,B27,not_started,,
C17,3.2,Shareable URL / permalink,optional,C6,not_started,,
C18,3.2,Utilities toggle,optional,C6 C2,not_started,,
C19,3.2,Data export (CSV of view),optional,C6 C2,not_started,,
C20,3.2,Attribution + methodology,required,C3,not_started,,
C21,3.2,About / data-caveats page,required,B23,not_started,,
C22,3.3,Build bundler,required,,not_started,,
C23,3.3,CI/CD (GitHub Actions),required,C22,not_started,,
C24,3.3,CDN hosting + security headers,required,C23,not_started,,
